,datum,mesec,max alt,vzhod az,vzhod,zahod az,zahod,dt
0,2023-01-01T23:59:00,1,20.431124042561112,123.49171807013889,6.683333333333334,236.73842621239166,15.366666666666667,8.683333333333334
1,2023-01-02T23:59:00,1,20.51708046898611,123.35448125614167,6.683333333333334,236.8888006954139,15.383333333333333,8.7
2,2023-01-03T23:59:00,1,20.610795065219445,123.21351305431389,6.683333333333334,237.04508397669443,15.4,8.716666666666667
3,2023-01-04T23:59:00,1,20.711926646258334,123.06891270407777,6.683333333333334,237.20733988427222,15.416666666666666,8.733333333333333
4,2023-01-05T23:59:00,1,20.820664071497223,122.92077867186667,6.683333333333334,237.37562768702222,15.433333333333334,8.75
5,2023-01-06T23:59:00,1,20.936770708533334,122.76920895911388,6.683333333333334,237.55000280023611,15.45,8.766666666666667
6,2023-01-07T23:59:00,1,21.06029984539722,122.43432590088611,6.666666666666667,237.73051664324723,15.466666666666667,8.8
7,2023-01-08T23:59:00,1,21.191163083072222,122.27611084163055,6.666666666666667,237.91721685058056,15.483333333333333,8.816666666666666
8,2023-01-09T23:59:00,1,21.329232374919446,122.11474145371666,6.666666666666667,238.11014753279167,15.5,8.833333333333334
9,2023-01-10T23:59:00,1,21.4746161185,121.77033399613333,6.65,238.48925117938333,15.533333333333333,8.883333333333333
10,2023-01-11T23:59:00,1,21.627013881002778,121.60284986134444,6.65,238.69482291471667,15.55,8.9
11,2023-01-12T23:59:00,1,21.786601425922225,121.43249325226111,6.65,238.90674124853334,15.566666666666666,8.916666666666666
12,2023-01-13T23:59:00,1,21.953134775952776,121.07928256645833,6.633333333333333,239.1250351456361,15.583333333333334,8.95
13,2023-01-14T23:59:00,1,22.12654471489167,120.90334928024723,6.633333333333333,239.5296961201111,15.616666666666667,8.983333333333333
14,2023-01-15T23:59:00,1,22.3069235572,120.54470932249167,6.616666666666667,239.76089674747777,15.633333333333333,9.016666666666667
15,2023-01-16T23:59:00,1,22.493973595719446,120.18351468776112,6.6,239.99854237919166,15.65,9.05
16,2023-01-17T23:59:00,1,22.68772351398611,119.99982599841667,6.6,240.42266355173888,15.683333333333334,9.083333333333334
17,2023-01-18T23:59:00,1,22.888134974094445,119.63370202827778,6.583333333333333,240.6733367929861,15.7,9.116666666666667
18,2023-01-19T23:59:00,1,23.094967325016665,119.26527542996389,6.566666666666666,240.9304944118111,15.716666666666667,9.15
19,2023-01-20T23:59:00,1,23.308205077469445,118.89463691708889,6.55,241.37424804767778,15.75,9.2
20,2023-01-21T23:59:00,1,23.527834486391665,118.70192455616944,6.55,241.644501477425,15.766666666666667,9.216666666666667
21,2023-01-22T23:59:00,1,23.75360022182222,118.32713479286389,6.533333333333333,242.1013706188139,15.8,9.266666666666667
22,2023-01-23T23:59:00,1,23.98540718627778,117.95043199487222,6.516666666666667,242.38474208625556,15.816666666666666,9.3
23,2023-01-24T23:59:00,1,24.223313766033332,117.5719105753361,6.5,242.6746117780722,15.833333333333334,9.333333333333334
24,2023-01-25T23:59:00,1,24.467102635641666,117.1916612002639,6.483333333333333,243.15121062587224,15.866666666666667,9.383333333333333
25,2023-01-26T23:59:00,1,24.716629327830553,116.80977017531944,6.466666666666667,243.4541351428472,15.883333333333333,9.416666666666666
26,2023-01-27T23:59:00,1,24.97179062192222,116.42631930722779,6.45,243.9437634647139,15.916666666666666,9.466666666666667
27,2023-01-28T23:59:00,1,25.232548395566663,116.04138595017777,6.433333333333334,244.25960721944443,15.933333333333334,9.5
28,2023-01-29T23:59:00,1,25.49880901464722,115.655043388825,6.416666666666667,244.76210221116943,15.966666666666667,9.55
29,2023-01-30T23:59:00,1,25.770374325616665,115.26736121623055,6.4,245.09066368936112,15.983333333333333,9.583333333333334
30,2023-01-31T23:59:00,1,26.047136198100002,114.69816028655,6.366666666666666,245.605804997275,16.016666666666666,9.65
31,2023-02-01T23:59:00,2,26.328986332,114.30793785508888,6.35,245.94683507288335,16.033333333333335,9.683333333333334
32,2023-02-02T23:59:00,2,26.61581638629167,113.91656046124167,6.333333333333333,246.4743583042,16.066666666666666,9.733333333333333
33,2023-02-03T23:59:00,2,26.907518238202776,113.52408562194167,6.316666666666666,246.82756916916665,16.083333333333332,9.766666666666667
34,2023-02-04T23:59:00,2,27.204065159894444,112.95024276096389,6.283333333333333,247.36717330950557,16.116666666666667,9.833333333333334
35,2023-02-05T23:59:00,2,27.505260795141666,112.55565626911388,6.266666666666667,247.73224482136112,16.133333333333333,9.866666666666667
36,2023-02-06T23:59:00,2,27.81099563872778,112.16012462677223,6.25,248.28359849974998,16.166666666666668,9.916666666666666
37,2023-02-07T23:59:00,2,28.121163019680555,111.58329751229444,6.216666666666667,248.660183891525,16.183333333333334,9.966666666666667
38,2023-02-08T23:59:00,2,28.435656339544444,111.18592658454723,6.2,249.2229295476361,16.216666666666665,10.016666666666667
39,2023-02-09T23:59:00,2,28.754368932236112,110.6073296368111,6.166666666666667,249.61065739809445,16.233333333333334,10.066666666666666
40,2023-02-10T23:59:00,2,29.077193943919443,110.20828287552779,6.15,250.18441273340557,16.266666666666666,10.116666666666667
41,2023-02-11T23:59:00,2,29.404023831936108,109.80850768884444,6.133333333333334,250.58288927165,16.283333333333335,10.15
42,2023-02-12T23:59:00,2,29.734749799355555,109.227494742575,6.1,251.1672511397,16.316666666666666,10.216666666666667
43,2023-02-13T23:59:00,2,30.069261313769445,108.64578538904168,6.066666666666666,251.57606297490554,16.333333333333332,10.266666666666667
44,2023-02-14T23:59:00,2,30.407445656680554,108.24387480061667,6.05,252.17060815404443,16.366666666666667,10.316666666666666
45,2023-02-15T23:59:00,2,30.749187536411114,107.6608422731639,6.016666666666667,252.77006219495556,16.4,10.383333333333333
46,2023-02-16T23:59:00,2,31.094368640699997,107.25776816281112,6.0,253.19361234242777,16.416666666666668,10.416666666666666
47,2023-02-17T23:59:00,2,31.44286782035,106.67360021101668,5.966666666666667,253.80258787315836,16.45,10.483333333333333
48,2023-02-18T23:59:00,2,31.794561827433334,106.08895739214167,5.933333333333334,254.23537021157222,16.466666666666665,10.533333333333333
49,2023-02-19T23:59:00,2,32.14932637180556,105.68449556064722,5.916666666666667,254.85341860660276,16.5,10.583333333333334
50,2023-02-20T23:59:00,2,32.50704314455833,105.09905611782222,5.883333333333333,255.29498615241388,16.516666666666666,10.633333333333333
51,2023-02-21T23:59:00,2,32.86767203653056,104.51331549773333,5.85,255.7407333594611,16.533333333333335,10.683333333333334
52,2023-02-22T23:59:00,2,33.23101170398611,104.10801811562777,5.833333333333333,256.3715564747333,16.566666666666666,10.733333333333333
53,2023-02-23T23:59:00,2,33.59693913999445,103.52183430746389,5.8,256.82539793195275,16.583333333333332,10.783333333333333
54,2023-02-24T23:59:00,2,33.96533113607222,102.93550956194723,5.766666666666667,257.4641247816944,16.616666666666667,10.85
55,2023-02-25T23:59:00,2,34.33606464546945,102.34908836766667,5.733333333333333,257.9255521800278,16.633333333333333,10.9
56,2023-02-26T23:59:00,2,34.70901737086667,101.94340829392223,5.716666666666667,258.57165418880277,16.666666666666668,10.95
57,2023-02-27T23:59:00,2,35.08406827629167,101.35692004895833,5.683333333333334,259.04012282868615,16.683333333333334,11.0
58,2023-02-28T23:59:00,2,35.461247463319445,100.77044932031944,5.65,259.6930424064472,16.716666666666665,11.066666666666666
59,2023-03-01T23:59:00,3,35.84031208478889,100.184026161225,5.616666666666667,260.1679851574167,16.733333333333334,11.116666666666667
60,2023-03-02T23:59:00,3,36.22113180523611,99.59767794090277,5.583333333333333,260.8271484196861,16.766666666666666,11.183333333333334
61,2023-03-03T23:59:00,3,36.603592306991665,99.19236911657222,5.566666666666666,261.3079854308833,16.783333333333335,11.216666666666667
62,2023-03-04T23:59:00,3,36.98758111056111,98.60626056214444,5.533333333333333,261.9728091061055,16.816666666666666,11.283333333333333
63,2023-03-05T23:59:00,3,37.37316822765833,98.02029679673889,5.5,262.4589523459,16.833333333333332,11.333333333333334
64,2023-03-06T23:59:00,3,37.76010149053333,97.43449547290001,5.466666666666667,262.9474981452861,16.85,11.383333333333333
65,2023-03-07T23:59:00,3,38.148246538,96.84887215729167,5.433333333333334,263.6197036165167,16.883333333333333,11.45
66,2023-03-08T23:59:00,3,38.53749842134722,96.26344046366111,5.4,264.1126672284917,16.9,11.5
67,2023-03-09T23:59:00,3,38.92789798904166,95.67821245520834,5.366666666666666,264.7890519512917,16.933333333333334,11.566666666666666
68,2023-03-10T23:59:00,3,39.31930220443611,95.09319924131667,5.333333333333333,265.2858375591056,16.95,11.616666666666667
69,2023-03-11T23:59:00,3,39.71151445581945,94.50841159391945,5.3,265.7842878108528,16.966666666666665,11.666666666666666
70,2023-03-12T23:59:00,3,40.10443287015278,94.10504864853888,5.283333333333333,266.4658191408694,17.0,11.716666666666667
71,2023-03-13T23:59:00,3,40.49815353168056,93.52077341235834,5.25,266.96719766416663,17.016666666666666,11.766666666666667
72,2023-03-14T23:59:00,3,40.892448853752775,92.93676336879444,5.216666666666667,267.6514206063389,17.05,11.833333333333334
73,2023-03-15T23:59:00,3,41.287145525719446,92.35303640194167,5.183333333333334,268.15512981527775,17.066666666666666,11.883333333333333
74,2023-03-16T23:59:00,3,41.68217316129722,91.76961424676666,5.15,268.6597638525722,17.083333333333332,11.933333333333334
75,2023-03-17T23:59:00,3,42.077635247152784,91.18652297839166,5.116666666666666,269.34689812995555,17.116666666666667,12.0
76,2023-03-18T23:59:00,3,42.47317544076389,90.60379317208333,5.083333333333333,269.8529779888445,17.133333333333333,12.05
77,2023-03-19T23:59:00,3,42.86868092795278,90.02145960771945,5.05,270.54133750824445,17.166666666666668,12.116666666666667
78,2023-03-20T23:59:00,3,43.26424239584167,89.43956044771112,5.016666666666667,271.0482925833278,17.183333333333334,12.166666666666666
79,2023-03-21T23:59:00,3,43.65964937568611,88.85813596254722,4.983333333333333,271.5554654575667,17.2,12.216666666666667
80,2023-03-22T23:59:00,3,44.054691696930554,88.27722718359445,4.95,272.2446010451639,17.233333333333334,12.283333333333333
81,2023-03-23T23:59:00,3,44.449354327088884,87.69687465785556,4.916666666666667,272.75182560010836,17.25,12.333333333333334
82,2023-03-24T23:59:00,3,44.84365448333612,87.11711738285277,4.883333333333333,273.2588598673361,17.266666666666666,12.383333333333333
83,2023-03-25T23:59:00,3,45.23726462281111,86.53799191574444,4.85,273.94753345777224,17.3,12.45
84,2023-03-26T23:59:00,3,45.630076027741666,85.9595317459889,4.816666666666666,274.45378424810275,17.316666666666666,12.5
85,2023-03-27T23:59:00,3,46.022305886783336,85.38176705145833,4.783333333333333,275.1414661818694,17.35,12.566666666666666
86,2023-03-28T23:59:00,3,46.41353267043889,84.80472471803056,4.75,275.64636265273333,17.366666666666667,12.616666666666667
87,2023-03-29T23:59:00,3,46.803650028549995,84.22842859058333,4.716666666666667,276.1503626511333,17.383333333333333,12.666666666666666
88,2023-03-30T23:59:00,3,47.192788211077776,83.65289979365001,4.683333333333334,276.8354557062805,17.416666666666668,12.733333333333333
89,2023-03-31T23:59:00,3,47.58072233433056,83.07815696320277,4.65,277.3372457080416,17.433333333333334,12.783333333333333
90,2023-04-01T23:59:00,4,47.96725367258889,82.50421645278055,4.616666666666667,277.83771676967496,17.45,12.833333333333334
91,2023-04-02T23:59:00,4,48.35241288378056,81.93109239274723,4.583333333333333,278.518944450925,17.483333333333334,12.9
92,2023-04-03T23:59:00,4,48.73619369221389,81.54059519913055,4.566666666666666,279.01636175520275,17.5,12.933333333333334
93,2023-04-04T23:59:00,4,49.118295922325004,80.96917012585834,4.533333333333333,279.5120455470972,17.516666666666666,12.983333333333333
94,2023-04-05T23:59:00,4,49.498631233194445,80.39859118979444,4.5,280.18815493118336,17.55,13.05
95,2023-04-06T23:59:00,4,49.87744393588889,79.82886360158888,4.466666666666667,280.6799600446889,17.566666666666666,13.1
96,2023-04-07T23:59:00,4,50.25432450684445,79.259990871225,4.433333333333334,281.3520090904195,17.6,13.166666666666666
97,2023-04-08T23:59:00,4,50.62918500622778,78.69197554505556,4.4,281.83939689970555,17.616666666666667,13.216666666666667
98,2023-04-09T23:59:00,4,51.002098421338886,78.12482019989721,4.366666666666666,282.3243827427833,17.633333333333333,13.266666666666667
99,2023-04-10T23:59:00,4,51.372995199694444,77.55852858410277,4.333333333333333,282.9892970485111,17.666666666666668,13.333333333333334
100,2023-04-11T23:59:00,4,51.74161793101667,76.9931067651,4.3,283.4690760196861,17.683333333333334,13.383333333333333
101,2023-04-12T23:59:00,4,52.10787848908889,76.42856411176112,4.266666666666667,283.94606675645,17.7,13.433333333333334
102,2023-04-13T23:59:00,4,52.47192765053889,75.8649139930861,4.233333333333333,284.60267775265004,17.733333333333334,13.5
103,2023-04-14T23:59:00,4,52.83350260666111,75.48427641125555,4.216666666666667,285.07369955036944,17.75,13.533333333333333
104,2023-04-15T23:59:00,4,53.19243591089444,74.92251662566389,4.183333333333334,285.54156713260005,17.766666666666666,13.583333333333334
105,2023-04-16T23:59:00,4,53.548632430769445,74.36171862896944,4.15,286.18876819309725,17.8,13.65
106,2023-04-17T23:59:00,4,53.90221552803611,73.80191285230833,4.116666666666666,286.64996461994167,17.816666666666666,13.7
107,2023-04-18T23:59:00,4,54.252942708197224,73.24313287581111,4.083333333333333,287.10767950536945,17.833333333333332,13.75
108,2023-04-19T23:59:00,4,54.60064439843611,72.86762944336667,4.066666666666666,287.7444776939417,17.866666666666667,13.8
109,2023-04-20T23:59:00,4,54.94522625639166,72.31106999715,4.033333333333333,288.1949012232167,17.883333333333333,13.85
110,2023-04-21T23:59:00,4,55.286654251125,71.75565176451389,4.0,288.6415509140917,17.9,13.9
111,2023-04-22T23:59:00,4,55.62497490146944,71.20141254914722,3.966666666666667,289.2670570183972,17.933333333333334,13.966666666666667
112,2023-04-23T23:59:00,4,55.95988821274167,70.64838878558889,3.9333333333333336,289.70584201767775,17.95,14.016666666666667
113,2023-04-24T23:59:00,4,56.29130114196944,70.27899411826111,3.9166666666666665,290.32339402878057,17.983333333333334,14.066666666666666
114,2023-04-25T23:59:00,4,56.61912192693055,69.72857898584166,3.8833333333333333,290.75394217100836,18.0,14.116666666666667
115,2023-04-26T23:59:00,4,56.94326035624999,69.17947967387501,3.85,291.1802559352972,18.016666666666666,14.166666666666666
116,2023-04-27T23:59:00,4,57.26381201713333,68.81416523171944,3.8333333333333335,291.7851281283417,18.05,14.216666666666667
117,2023-04-28T23:59:00,4,57.580532433252785,68.26786487503888,3.8,292.20267147370555,18.066666666666666,14.266666666666667
118,2023-04-29T23:59:00,4,57.893301704641665,67.72295953906945,3.7666666666666666,292.6157246764667,18.083333333333332,14.316666666666666
119,2023-04-30T23:59:00,4,58.20203594372778,67.36200345536389,3.75,293.2071470608472,18.116666666666667,14.366666666666667
120,2023-05-01T23:59:00,5,58.506653064455556,66.8200500328861,3.716666666666667,293.61093649154725,18.133333333333333,14.416666666666666
121,2023-05-02T23:59:00,5,58.80707293966388,66.46210061493889,3.7,294.0100012853389,18.15,14.45
122,2023-05-03T23:59:00,5,59.10321756350278,65.92318337630834,3.6666666666666665,294.58727069652775,18.183333333333334,14.516666666666667
123,2023-05-04T23:59:00,5,59.39506447041666,65.56832980674444,3.65,294.97662338187774,18.2,14.55
124,2023-05-05T23:59:00,5,59.68256653680833,65.0325137688639,3.6166666666666667,295.3610392095,18.216666666666665,14.6
125,2023-05-06T23:59:00,5,59.96555970269167,64.68082846150834,3.6,295.9235228781611,18.25,14.65
126,2023-05-07T23:59:00,5,60.24397138241389,64.14816186648612,3.5666666666666664,296.29782324359724,18.266666666666666,14.7
127,2023-05-08T23:59:00,5,60.51772815498333,63.79970858858055,3.55,296.66699543056393,18.283333333333335,14.733333333333333
128,2023-05-09T23:59:00,5,60.78675467682222,63.27023731248333,3.5166666666666666,297.0309802697833,18.3,14.783333333333333
129,2023-05-10T23:59:00,5,61.05097306763611,62.9250906077,3.5,297.57282396420834,18.333333333333332,14.833333333333334
130,2023-05-11T23:59:00,5,61.31030293895277,62.58160570235278,3.4833333333333334,297.9262244724639,18.35,14.866666666666667
131,2023-05-12T23:59:00,5,61.56466198298611,62.05714330746111,3.45,298.2742821734528,18.366666666666667,14.916666666666666
132,2023-05-13T23:59:00,5,61.81396686458333,61.717140414530554,3.4333333333333336,298.61695596259165,18.383333333333333,14.95
133,2023-05-14T23:59:00,5,62.058134129941664,61.37891580326111,3.4166666666666665,299.13736581446943,18.416666666666668,15.0
134,2023-05-15T23:59:00,5,62.297080920566664,61.04251909414167,3.4,299.46913657903053,18.433333333333334,15.033333333333333
135,2023-05-16T23:59:00,5,62.530725377402774,60.525254660277774,3.3666666666666667,299.7954437901139,18.45,15.083333333333334
136,2023-05-17T23:59:00,5,62.75898672945,60.19269997969166,3.35,300.11627434323333,18.466666666666665,15.116666666666667
137,2023-05-18T23:59:00,5,62.98178515921389,59.86213704190833,3.3333333333333335,300.61486004017223,18.5,15.166666666666666
138,2023-05-19T23:59:00,5,63.19904160473611,59.53362747431111,3.3166666666666664,300.92468892754727,18.516666666666666,15.2
139,2023-05-20T23:59:00,5,63.41067766253333,59.20723418920556,3.3,301.2290343111472,18.533333333333335,15.233333333333333
140,2023-05-21T23:59:00,5,63.616615690991665,58.883020510080556,3.283333333333333,301.5279002508583,18.55,15.266666666666667
141,2023-05-22T23:59:00,5,63.816779104661116,58.56104933834166,3.2666666666666666,301.82129340965554,18.566666666666666,15.3
142,2023-05-23T23:59:00,5,64.01109276658056,58.24138246136389,3.25,302.1092229457,18.583333333333332,15.333333333333334
143,2023-05-24T23:59:00,5,64.19948336992222,57.924080072605555,3.2333333333333334,302.3917005762472,18.6,15.366666666666667
144,2023-05-25T23:59:00,5,64.38189919597221,57.60920051269444,3.216666666666667,302.85207498823894,18.633333333333333,15.416666666666666
145,2023-05-26T23:59:00,5,64.55839846207222,57.29680017,3.2,303.12369024765,18.65,15.45
146,2023-05-27T23:59:00,5,64.72878270510833,56.98693345884445,3.183333333333333,303.38991007102777,18.666666666666668,15.483333333333333
147,2023-05-28T23:59:00,5,64.89298796102779,56.86262622504722,3.183333333333333,303.6507577274055,18.683333333333334,15.5
148,2023-05-29T23:59:00,5,65.05095301411666,56.55805522136944,3.1666666666666665,303.9062592599472,18.7,15.533333333333333
149,2023-05-30T23:59:00,5,65.20261961591945,56.25617778270278,3.15,304.15644333440275,18.716666666666665,15.566666666666666
150,2023-05-31T23:59:00,5,65.34793274766389,55.95703908751945,3.1333333333333333,304.2179576095333,18.716666666666665,15.583333333333334
151,2023-06-01T23:59:00,6,65.48684085441667,55.84375738528611,3.1333333333333333,304.45757421742223,18.733333333333334,15.6
152,2023-06-02T23:59:00,6,65.61934926466111,55.550329630844445,3.1166666666666667,304.69196657224165,18.75,15.633333333333333
153,2023-06-03T23:59:00,6,65.74557293226388,55.442825426863884,3.1166666666666667,304.92117116924726,18.766666666666666,15.65
154,2023-06-04T23:59:00,6,65.86526824392222,55.155288414716665,3.1,305.145225744425,18.783333333333335,15.683333333333334
155,2023-06-05T23:59:00,6,65.97839325392222,55.05376881804444,3.1,305.36416906681114,18.8,15.7
156,2023-06-06T23:59:00,6,66.08490576310832,54.77228647939722,3.0833333333333335,305.57804126015,18.816666666666666,15.733333333333333
157,2023-06-07T23:59:00,6,66.18476267364167,54.676954615275,3.0833333333333335,305.60341583122505,18.816666666666666,15.733333333333333
158,2023-06-08T23:59:00,6,66.27802912389167,54.40169792449444,3.066666666666667,305.80719960137503,18.833333333333332,15.766666666666667
159,2023-06-09T23:59:00,6,66.36477221648889,54.312775804505556,3.066666666666667,306.00604405039724,18.85,15.783333333333333
160,2023-06-10T23:59:00,6,66.44474127304167,54.22712016388611,3.066666666666667,306.0165372866028,18.85,15.783333333333333
161,2023-06-11T23:59:00,6,66.51789779443334,54.14480686498889,3.066666666666667,306.2055832066083,18.866666666666667,15.8
162,2023-06-12T23:59:00,6,66.58420724988055,53.88282650538889,3.05,306.3898772867806,18.883333333333333,15.833333333333334
163,2023-06-13T23:59:00,6,66.64373496134445,53.80746726724444,3.05,306.3859552167278,18.883333333333333,15.833333333333334
164,2023-06-14T23:59:00,6,66.69662732725556,53.73568316244167,3.05,306.56086410119724,18.9,15.85
165,2023-06-15T23:59:00,6,66.74259962678333,53.66755855004444,3.05,306.5477168971167,18.9,15.85
166,2023-06-16T23:59:00,6,66.78163244737222,53.60317857891945,3.05,306.5301258691111,18.9,15.85
167,2023-06-17T23:59:00,6,66.81370982509722,53.54262857563055,3.05,306.6915034558222,18.916666666666668,15.866666666666667
168,2023-06-18T23:59:00,6,66.83902800126388,53.485993382222226,3.05,306.6651477343972,18.916666666666668,15.866666666666667
169,2023-06-19T23:59:00,6,66.85753962508333,53.433356679580555,3.05,306.81799886778055,18.933333333333334,15.883333333333333
170,2023-06-20T23:59:00,6,66.86906880248888,53.38480033349167,3.05,306.78321185529165,18.933333333333334,15.883333333333333
171,2023-06-21T23:59:00,6,66.8736123774361,53.52357618819445,3.066666666666667,306.7443677215917,18.933333333333334,15.866666666666667
172,2023-06-22T23:59:00,6,66.871171049125,53.48347482031111,3.066666666666667,306.7015422256083,18.933333333333334,15.866666666666667
173,2023-06-23T23:59:00,6,66.86210145775,53.44769297651944,3.066666666666667,306.65481145555833,18.933333333333334,15.866666666666667
174,2023-06-24T23:59:00,6,66.84608177047777,53.41630066970556,3.066666666666667,306.6042517696417,18.933333333333334,15.866666666666667
175,2023-06-25T23:59:00,6,66.82309937325277,53.572573848330556,3.0833333333333335,306.7333374363111,18.95,15.866666666666667
176,2023-06-26T23:59:00,6,66.79317023656388,53.550252221525,3.0833333333333335,306.6753382229833,18.95,15.866666666666667
177,2023-06-27T23:59:00,6,66.75638648880278,53.53251726046389,3.0833333333333335,306.6137497236,18.95,15.866666666666667
178,2023-06-28T23:59:00,6,66.71298212040278,53.70269289069445,3.1,306.36525263100833,18.933333333333334,15.833333333333334
179,2023-06-29T23:59:00,6,66.66269638114723,53.694411503325,3.1,306.29669169970833,18.933333333333334,15.833333333333334
180,2023-06-30T23:59:00,6,66.60556087403333,53.874141771352775,3.1166666666666667,306.2247544065194,18.933333333333334,15.816666666666666
181,2023-07-01T23:59:00,7,66.54161085453889,53.875523926705554,3.1166666666666667,306.14951155772224,18.933333333333334,15.816666666666666
182,2023-07-02T23:59:00,7,66.47091625443612,54.06502907662777,3.1333333333333333,306.07103112032775,18.933333333333334,15.8
183,2023-07-03T23:59:00,7,66.39376671580834,54.259441169472225,3.15,305.98937779740555,18.933333333333334,15.783333333333333
184,2023-07-04T23:59:00,7,66.30990851029722,54.27569747060278,3.15,305.7211998941833,18.916666666666668,15.766666666666667
185,2023-07-05T23:59:00,7,66.21937884161389,54.48014940081945,3.1666666666666665,305.6333024907722,18.916666666666668,15.75
186,2023-07-06T23:59:00,7,66.1222140366111,54.68964157511111,3.183333333333333,305.3590705537306,18.9,15.716666666666667
187,2023-07-07T23:59:00,7,66.01845102771111,54.721084233875004,3.183333333333333,305.2651285146056,18.9,15.716666666666667
188,2023-07-08T23:59:00,7,65.90818408043056,54.94085677907222,3.2,305.168300603575,18.9,15.7
189,2023-07-09T23:59:00,7,65.79159778611944,55.16580158718333,3.216666666666667,304.8852475145389,18.883333333333333,15.666666666666666
190,2023-07-10T23:59:00,7,65.66853077259167,55.39596460951389,3.2333333333333334,304.59944767145,18.866666666666667,15.633333333333333
191,2023-07-11T23:59:00,7,65.53903458629722,55.63139082339445,3.25,304.4941290680306,18.866666666666667,15.616666666666667
192,2023-07-12T23:59:00,7,65.40316451440556,55.87212385115278,3.2666666666666666,304.20289243727774,18.85,15.583333333333334
193,2023-07-13T23:59:00,7,65.26097896162223,55.935088918230555,3.2666666666666666,304.0923153712472,18.85,15.583333333333334
194,2023-07-14T23:59:00,7,65.11253889016389,56.18658272119722,3.283333333333333,303.79591290512224,18.833333333333332,15.55
195,2023-07-15T23:59:00,7,64.957907366675,56.443497009372216,3.3,303.4970701678084,18.816666666666666,15.516666666666667
196,2023-07-16T23:59:00,7,64.79718321082223,56.70586654295833,3.3166666666666664,303.19584915283053,18.8,15.483333333333333
197,2023-07-17T23:59:00,7,64.63050819691111,56.973722831819444,3.3333333333333335,302.89231192908335,18.783333333333335,15.45
198,2023-07-18T23:59:00,7,64.45782477905,57.24709375606111,3.35,302.7696753903833,18.783333333333335,15.433333333333334
199,2023-07-19T23:59:00,7,64.27920169476388,57.52600320243611,3.3666666666666667,302.46165243624444,18.766666666666666,15.4
200,2023-07-20T23:59:00,7,64.09470895506388,57.810470717480555,3.3833333333333333,302.1515044813194,18.75,15.366666666666667
201,2023-07-21T23:59:00,7,63.904417840949996,58.100511201433335,3.4,301.83929006847774,18.733333333333334,15.333333333333334
202,2023-07-22T23:59:00,7,63.70840090686945,58.579208559186114,3.4333333333333336,301.5250663990472,18.716666666666665,15.283333333333333
203,2023-07-23T23:59:00,7,63.506731972175,58.88043432961111,3.45,301.20888920669444,18.7,15.25
204,2023-07-24T23:59:00,7,63.29948609464722,59.18725052437222,3.466666666666667,300.89081259874723,18.683333333333334,15.216666666666667
205,2023-07-25T23:59:00,7,63.086739528986115,59.499651182322225,3.4833333333333334,300.5708888309139,18.666666666666668,15.183333333333334
206,2023-07-26T23:59:00,7,62.868569678652776,59.81762472178612,3.5,300.06608943388613,18.633333333333333,15.133333333333333
207,2023-07-27T23:59:00,7,62.64505503412778,60.14115363843889,3.5166666666666666,299.7425957025695,18.616666666666667,15.1
208,2023-07-28T23:59:00,7,62.41627503288611,60.470214152175004,3.533333333333333,299.4173903643028,18.6,15.066666666666666
209,2023-07-29T23:59:00,7,62.182309695327774,60.987772122569446,3.5666666666666664,299.09051412431666,18.583333333333332,15.016666666666667
210,2023-07-30T23:59:00,7,61.94323885427777,61.32782802885,3.5833333333333335,298.57902192305556,18.55,14.966666666666667
211,2023-07-31T23:59:00,7,61.699140898316664,61.67330650601944,3.6,298.2488580994389,18.533333333333335,14.933333333333334
212,2023-08-01T23:59:00,8,61.45009128482223,62.024159797538886,3.6166666666666667,297.91710904129167,18.516666666666666,14.9
213,2023-08-02T23:59:00,8,61.19616153671111,62.38033714280278,3.6333333333333333,297.4008763620083,18.483333333333334,14.85
214,2023-08-03T23:59:00,8,60.93741954537777,62.92472182375833,3.6666666666666665,297.06594861201944,18.466666666666665,14.8
215,2023-08-04T23:59:00,8,60.673931377119445,63.29142422136389,3.6833333333333336,296.7294828453861,18.45,14.766666666666667
216,2023-08-05T23:59:00,8,60.405867613022224,63.66329129824722,3.7,296.20859344944444,18.416666666666668,14.716666666666667
217,2023-08-06T23:59:00,8,60.13324833230278,64.04026768583333,3.716666666666667,295.86903524055276,18.4,14.683333333333334
218,2023-08-07T23:59:00,8,59.856103901627776,64.60516255154444,3.75,295.3451567663166,18.366666666666667,14.616666666666667
219,2023-08-08T23:59:00,8,59.57451050323889,64.99222209135833,3.7666666666666666,295.0026025721833,18.35,14.583333333333334
220,2023-08-09T23:59:00,8,59.28854707045278,65.38421574944445,3.783333333333333,294.4758306330305,18.316666666666666,14.533333333333333
221,2023-08-10T23:59:00,8,58.99829451135278,65.78108202365277,3.8,294.1304099190778,18.3,14.5
222,2023-08-11T23:59:00,8,58.70383509076389,66.36556601769999,3.8333333333333335,293.6008676145667,18.266666666666666,14.433333333333334
223,2023-08-12T23:59:00,8,58.40530937480833,66.77202142703055,3.85,293.2527271957611,18.25,14.4
224,2023-08-13T23:59:00,8,58.102927465619445,67.18315301054444,3.8666666666666667,292.7205509433305,18.216666666666665,14.35
225,2023-08-14T23:59:00,8,57.796598981263884,67.59889133611667,3.8833333333333333,292.1871576535861,18.183333333333334,14.3
226,2023-08-15T23:59:00,8,57.486408268961114,68.20191935117501,3.9166666666666665,291.8351741411805,18.166666666666668,14.25
227,2023-08-16T23:59:00,8,57.172439991508334,68.62668580834443,3.9333333333333336,291.2993543219417,18.133333333333333,14.2
228,2023-08-17T23:59:00,8,56.85479171431111,69.05583463289166,3.95,290.76241429885835,18.1,14.15
229,2023-08-18T23:59:00,8,56.53381470440555,69.48928616396667,3.966666666666667,290.4069210160472,18.083333333333332,14.116666666666667
230,2023-08-19T23:59:00,8,56.20932292239167,70.10965636301388,4.0,289.8677570701083,18.05,14.05
231,2023-08-20T23:59:00,8,55.88140204378611,70.55149013975,4.016666666666667,289.32756548571945,18.016666666666666,14.0
232,2023-08-21T23:59:00,8,55.550138244075,70.99736727476945,4.033333333333333,288.7863738680195,17.983333333333334,13.95
233,2023-08-22T23:59:00,8,55.215864749244446,71.62980626296944,4.066666666666666,288.2442087753639,17.95,13.883333333333333
234,2023-08-23T23:59:00,8,54.87850696753611,72.08351303969167,4.083333333333333,287.8834708458278,17.933333333333334,13.85
235,2023-08-24T23:59:00,8,54.53807293335277,72.54097225890277,4.1,287.339376363675,17.9,13.8
236,2023-08-25T23:59:00,8,54.19465046026389,73.00207984693056,4.116666666666666,286.7943818852806,17.866666666666667,13.75
237,2023-08-26T23:59:00,8,53.848674749680555,73.64927170739168,4.15,286.2485055264472,17.833333333333332,13.683333333333334
238,2023-08-27T23:59:00,8,53.499895445947224,74.11736482089167,4.166666666666667,285.7017614709472,17.8,13.633333333333333
239,2023-08-28T23:59:00,8,53.14839188141111,74.58876650151389,4.183333333333334,285.15415891078885,17.766666666666666,13.583333333333334
240,2023-08-29T23:59:00,8,52.79444813113611,75.24581038410278,4.216666666666667,284.78791932418056,17.75,13.533333333333333
241,2023-08-30T23:59:00,8,52.438112453825,75.72348235516667,4.233333333333333,284.2385599917333,17.716666666666665,13.483333333333333
242,2023-08-31T23:59:00,8,52.07928942020556,76.20409719630834,4.25,283.6883379408611,17.683333333333334,13.433333333333334
243,2023-09-01T23:59:00,9,51.718175878375,76.68753274590556,4.266666666666667,283.13724392771945,17.65,13.383333333333333
244,2023-09-02T23:59:00,9,51.354976760283336,77.3560399299111,4.3,282.5852701079611,17.616666666666667,13.316666666666666
245,2023-09-03T23:59:00,9,50.98950762036111,77.84475717725554,4.316666666666666,282.03241282050556,17.583333333333332,13.266666666666667
246,2023-09-04T23:59:00,9,50.621950008458334,78.33592404332222,4.333333333333333,281.47867399756666,17.55,13.216666666666667
247,2023-09-05T23:59:00,9,50.252570569425,79.01169730691112,4.366666666666666,280.92406117999724,17.516666666666666,13.15
248,2023-09-06T23:59:00,9,49.881167073236114,79.50739337572777,4.383333333333334,280.36858669078055,17.483333333333334,13.1
249,2023-09-07T23:59:00,9,49.50795021444444,80.00516181749722,4.4,279.8122665806695,17.45,13.05
250,2023-09-08T23:59:00,9,49.13316127609722,80.50487699329445,4.416666666666667,279.2551197008611,17.416666666666668,13.0
251,2023-09-09T23:59:00,9,48.75661888056389,81.1886050114,4.45,278.6971670124806,17.383333333333333,12.933333333333334
252,2023-09-10T23:59:00,9,48.378585310458334,81.69183313444722,4.466666666666667,278.13843110845835,17.35,12.883333333333333
253,2023-09-11T23:59:00,9,47.99921134765555,82.19662677210833,4.483333333333333,277.5789358937611,17.316666666666666,12.833333333333334
254,2023-09-12T23:59:00,9,47.61836521303889,82.70285892521389,4.5,277.0187063764444,17.283333333333335,12.783333333333333
255,2023-09-13T23:59:00,9,47.23637689150278,83.39249813632779,4.533333333333333,276.4577685130139,17.25,12.716666666666667
256,2023-09-14T23:59:00,9,46.853266118183335,83.9012156540389,4.55,275.8961490583083,17.216666666666665,12.666666666666666
257,2023-09-15T23:59:00,9,46.468971107147226,84.41098545263056,4.566666666666666,275.3338753902361,17.183333333333334,12.616666666666667
258,2023-09-16T23:59:00,9,46.08389780710278,85.10368455095555,4.6,274.7709753217944,17.15,12.55
259,2023-09-17T23:59:00,9,45.69791434195833,85.61515829606111,4.616666666666667,274.2074769126111,17.116666666666667,12.5
260,2023-09-18T23:59:00,9,45.311041887425,86.12729217299444,4.633333333333333,273.64340826893056,17.083333333333332,12.45
261,2023-09-19T23:59:00,9,44.923758287652774,86.63995421900279,4.65,273.07879730642776,17.05,12.4
262,2023-09-20T23:59:00,9,44.53578183601389,87.33491375176943,4.683333333333334,272.5136714298139,17.016666666666666,12.333333333333334
263,2023-09-21T23:59:00,9,44.14729299256111,87.848210576825,4.7,271.94805709440834,16.983333333333334,12.283333333333333
264,2023-09-22T23:59:00,9,43.75860847010278,88.3616272467861,4.716666666666667,271.3819792341083,16.95,12.233333333333333
265,2023-09-23T23:59:00,9,43.36953427536389,89.05684024644444,4.75,270.9969057989528,16.933333333333334,12.183333333333334
266,2023-09-24T23:59:00,9,42.98031396781945,89.57005285598055,4.766666666666667,270.4299332556611,16.9,12.133333333333333
267,2023-09-25T23:59:00,9,42.591124574875,90.08295846518888,4.783333333333333,269.8625549533806,16.866666666666667,12.083333333333334
268,2023-09-26T23:59:00,9,42.20184293773889,90.77714399525277,4.816666666666666,269.2947811079917,16.833333333333332,12.016666666666667
269,2023-09-27T23:59:00,9,41.81274582714444,91.28897229383888,4.833333333333333,268.72661592590276,16.8,11.966666666666667
270,2023-09-28T23:59:00,9,41.423903747491664,91.80005469608889,4.85,268.1580581979111,16.766666666666666,11.916666666666666
271,2023-09-29T23:59:00,9,41.035238262013884,92.31024616955833,4.866666666666667,267.58910310063607,16.733333333333334,11.866666666666667
272,2023-09-30T23:59:00,9,40.64702721434167,93.00101938235,4.9,267.019745162125,16.7,11.8
273,2023-10-01T23:59:00,10,40.259301523208336,93.50896017351111,4.916666666666667,266.44998135350556,16.666666666666668,11.75
274,2023-10-02T23:59:00,10,39.87201371724722,94.015574216625,4.933333333333334,265.87981300721947,16.633333333333333,11.7
275,2023-10-03T23:59:00,10,39.485419956633336,94.70224850410555,4.966666666666667,265.30924707707226,16.6,11.633333333333333
276,2023-10-04T23:59:00,10,39.09960441711112,95.2057350428389,4.983333333333333,264.7382957053556,16.566666666666666,11.583333333333334
277,2023-10-05T23:59:00,10,38.71452089609445,95.70745956284445,5.0,264.16697575837225,16.533333333333335,11.533333333333333
278,2023-10-06T23:59:00,10,38.330356284922225,96.38872475681667,5.033333333333333,263.59530772343885,16.5,11.466666666666667
279,2023-10-07T23:59:00,10,37.94733823897222,96.88645280475833,5.05,263.0233153941972,16.466666666666665,11.416666666666666
280,2023-10-08T23:59:00,10,37.56536977886666,97.38199235150555,5.066666666666666,262.45102456477775,16.433333333333334,11.366666666666667
281,2023-10-09T23:59:00,10,37.18456286086111,98.05656040488611,5.1,261.87846358138614,16.4,11.3
282,2023-10-10T23:59:00,10,36.805228680302776,98.54725577714444,5.116666666666666,261.3056628975195,16.366666666666667,11.25
283,2023-10-11T23:59:00,10,36.427327147575,99.035348062525,5.133333333333334,260.7326545727833,16.333333333333332,11.2
284,2023-10-12T23:59:00,10,36.05091854771944,99.70196550679445,5.166666666666667,260.3403157265861,16.316666666666666,11.15
285,2023-10-13T23:59:00,10,35.676118340813886,100.1843920429389,5.183333333333334,259.76697706168886,16.283333333333335,11.1
286,2023-10-14T23:59:00,10,35.303237202388885,100.84504054957222,5.216666666666667,259.1935408211278,16.25,11.033333333333333
287,2023-10-15T23:59:00,10,34.93220815048611,101.3212697099361,5.233333333333333,258.62004634426944,16.216666666666665,10.983333333333333
288,2023-10-16T23:59:00,10,34.56312713628055,101.79423678437222,5.25,258.0465344737389,16.183333333333334,10.933333333333334
289,2023-10-17T23:59:00,10,34.196112224855554,102.44494184761112,5.283333333333333,257.4730472179833,16.15,10.866666666666667
290,2023-10-18T23:59:00,10,33.831343415333336,102.91094083231667,5.3,257.080297167725,16.133333333333333,10.833333333333334
291,2023-10-19T23:59:00,10,33.46898480046389,103.55439135123333,5.333333333333333,256.5069823060889,16.1,10.766666666666667
292,2023-10-20T23:59:00,10,33.10903931690556,104.01291686341666,5.35,255.9338228516528,16.066666666666666,10.716666666666667
293,2023-10-21T23:59:00,10,32.75162664498333,104.46755392449167,5.366666666666666,255.36085926440276,16.033333333333335,10.666666666666666
294,2023-10-22T23:59:00,10,32.39686577936111,105.09915954897777,5.4,254.96868663342778,16.016666666666666,10.616666666666667
295,2023-10-23T23:59:00,10,32.044874175541665,105.54557027499722,5.416666666666667,254.3962335766361,15.983333333333333,10.566666666666666
296,2023-10-24T23:59:00,10,31.69580497211389,106.16866487386389,5.45,253.824083072225,15.95,10.5
297,2023-10-25T23:59:00,10,31.349799258525,106.60634888673889,5.466666666666667,253.43272664642777,15.933333333333334,10.466666666666667
298,2023-10-26T23:59:00,10,31.006885634369443,107.03952653009445,5.483333333333333,252.8612696118,15.9,10.416666666666666
299,2023-10-27T23:59:00,10,30.667168015480556,107.64890243785001,5.516666666666667,252.29017901379166,15.866666666666667,10.35
300,2023-10-28T23:59:00,10,30.330748033288888,108.07262349317777,5.533333333333333,251.89987157776943,15.85,10.316666666666666
301,2023-10-29T23:59:00,10,29.997726972280557,108.67227076094723,5.566666666666666,251.32958690420554,15.816666666666666,10.25
302,2023-10-30T23:59:00,10,29.668207646897223,109.08606586191944,5.583333333333333,250.9400470414889,15.8,10.216666666666667
303,2023-10-31T23:59:00,10,29.342295575644442,109.67552315170556,5.616666666666667,250.37065353394166,15.766666666666667,10.15
304,2023-11-01T23:59:00,11,29.020099241772222,110.07893794996389,5.633333333333333,249.80172274935,15.733333333333333,10.1
305,2023-11-02T23:59:00,11,28.701729663819442,110.65776028161112,5.666666666666667,249.4136124897639,15.716666666666667,10.05
306,2023-11-03T23:59:00,11,28.387299668944443,111.05036080843055,5.683333333333334,249.02599044726114,15.7,10.016666666666667
307,2023-11-04T23:59:00,11,28.076923182405555,111.43745079858611,5.7,248.45877184234445,15.666666666666666,9.966666666666667
308,2023-11-05T23:59:00,11,27.770714674619445,111.99951103509723,5.733333333333333,248.07237320255277,15.65,9.916666666666666
309,2023-11-06T23:59:00,11,27.46878877698333,112.37519445175278,5.75,247.50649947418333,15.616666666666667,9.866666666666667
310,2023-11-07T23:59:00,11,27.171260019875,112.9256330036139,5.783333333333333,247.12153792023335,15.6,9.816666666666666
311,2023-11-08T23:59:00,11,26.87824263343889,113.28955912530833,5.8,246.73734215562777,15.583333333333334,9.783333333333333
312,2023-11-09T23:59:00,11,26.589850369675,113.8280469740111,5.833333333333333,246.17392178715832,15.55,9.716666666666667
313,2023-11-10T23:59:00,11,26.306196331591668,114.17990469380834,5.85,245.79153011160832,15.533333333333333,9.683333333333334
314,2023-11-11T23:59:00,11,26.02739281698611,114.706155093575,5.883333333333333,245.41010776749445,15.516666666666667,9.633333333333333
315,2023-11-12T23:59:00,11,25.753551209983332,115.04567706493333,5.9,245.02973018466668,15.5,9.6
316,2023-11-13T23:59:00,11,25.484781958333333,115.55945055281944,5.933333333333334,244.470478583075,15.466666666666667,9.533333333333333
317,2023-11-14T23:59:00,11,25.22130567223611,115.88641689632779,5.95,244.09247559539722,15.45,9.5
318,2023-11-15T23:59:00,11,24.963137557608334,116.207090593475,5.966666666666667,243.71575533274165,15.433333333333334,9.466666666666667
319,2023-11-16T23:59:00,11,24.710378559130554,116.70175861380555,6.0,243.34040327641947,15.416666666666666,9.416666666666666
320,2023-11-17T23:59:00,11,24.46313586149722,117.00962706664167,6.016666666666667,242.96650550759722,15.4,9.383333333333333
321,2023-11-18T23:59:00,11,24.221515354280555,117.49141343771667,6.05,242.59414727776945,15.383333333333333,9.333333333333334
322,2023-11-19T23:59:00,11,23.985699334958333,117.78634958008332,6.066666666666666,242.22341167756667,15.366666666666667,9.3
323,2023-11-20T23:59:00,11,23.75581129885,118.07482923102499,6.083333333333333,241.8543784653389,15.35,9.266666666666667
324,2023-11-21T23:59:00,11,23.53185610588333,118.53704915009445,6.116666666666666,241.48712302003887,15.333333333333334,9.216666666666667
325,2023-11-22T23:59:00,11,23.31392582913611,118.81244732743333,6.133333333333334,241.12171586453334,15.316666666666666,9.183333333333334
326,2023-11-23T23:59:00,11,23.10219457369167,119.26156699978056,6.166666666666667,240.93810435078055,15.316666666666666,9.15
327,2023-11-24T23:59:00,11,22.896788464158334,119.52381800576389,6.183333333333334,240.57662324539723,15.3,9.116666666666667
328,2023-11-25T23:59:00,11,22.697664176727777,119.77952344933888,6.2,240.21718635174167,15.283333333333333,9.083333333333334
329,2023-11-26T23:59:00,11,22.504904508575,120.02867449980278,6.216666666666667,240.0396566670139,15.283333333333333,9.066666666666666
330,2023-11-27T23:59:00,11,22.318815368922223,120.45138074093889,6.25,239.68454649890555,15.266666666666667,9.016666666666667
331,2023-11-28T23:59:00,11,22.139241661930555,120.68733342840001,6.266666666666667,239.33166596135555,15.25,8.983333333333333
332,2023-11-29T23:59:00,11,21.966269611925,120.91672941896945,6.283333333333333,239.16089281307222,15.25,8.966666666666667
333,2023-11-30T23:59:00,11,21.800220519608335,121.3196947605611,6.316666666666666,238.81275792785556,15.233333333333333,8.916666666666666
334,2023-12-01T23:59:00,12,21.640917927852776,121.53593926416389,6.333333333333333,238.64685919484722,15.233333333333333,8.9
335,2023-12-02T23:59:00,12,21.48852975156389,121.74566673250278,6.35,238.3037851490861,15.216666666666667,8.866666666666667
336,2023-12-03T23:59:00,12,21.34322990435833,121.94890038069445,6.366666666666666,238.14312846169722,15.216666666666667,8.85
337,2023-12-04T23:59:00,12,21.204896522991667,122.14566985755556,6.383333333333334,237.9851957453722,15.216666666666667,8.833333333333334
338,2023-12-05T23:59:00,12,21.073845780080557,122.33601108695832,6.4,237.65042231420279,15.2,8.8
339,2023-12-06T23:59:00,12,20.949955224205556,122.51996621705278,6.416666666666667,237.4983273262861,15.2,8.783333333333333
340,2023-12-07T23:59:00,12,20.83336964543611,122.69758369175,6.433333333333334,237.3492773404889,15.2,8.766666666666667
341,2023-12-08T23:59:00,12,20.724189281191666,123.0489321247861,6.466666666666667,237.20338590158053,15.2,8.733333333333333
342,2023-12-09T23:59:00,12,20.622349292447222,123.21403532701112,6.483333333333333,237.06076797914724,15.2,8.716666666666667
343,2023-12-10T23:59:00,12,20.528116953425,123.19299562323334,6.483333333333333,236.92154026046944,15.2,8.716666666666667
344,2023-12-11T23:59:00,12,20.44126841253611,123.34588430388055,6.5,236.7858209959889,15.2,8.7
345,2023-12-12T23:59:00,12,20.362189338533334,123.49278319189166,6.516666666666667,236.6537299458278,15.2,8.683333333333334
346,2023-12-13T23:59:00,12,20.290578560211113,123.63378383732778,6.533333333333333,236.5253882070889,15.2,8.666666666666666
347,2023-12-14T23:59:00,12,20.226790215694443,123.76898386393056,6.55,236.4009176863,15.2,8.65
348,2023-12-15T23:59:00,12,20.170580379225,123.89848573182223,6.566666666666666,236.28044005138335,15.2,8.633333333333333
349,2023-12-16T23:59:00,12,20.122245133905555,124.02239518183612,6.583333333333333,236.16407482105555,15.2,8.616666666666667
350,2023-12-17T23:59:00,12,20.08157194828611,123.96083337021389,6.583333333333333,236.2316162847639,15.216666666666667,8.633333333333333
351,2023-12-18T23:59:00,12,20.048821380158333,124.07381329970278,6.6,236.12389087747223,15.216666666666667,8.616666666666667
352,2023-12-19T23:59:00,12,20.023785812525,124.18151723956389,6.616666666666667,236.020617392475,15.216666666666667,8.6
353,2023-12-20T23:59:00,12,20.0067063324,124.10406484985555,6.616666666666667,236.10159487683612,15.233333333333333,8.616666666666667
354,2023-12-21T23:59:00,12,19.99736283988889,124.20144916169167,6.633333333333333,236.00761064430833,15.233333333333333,8.6
355,2023-12-22T23:59:00,12,19.995989332194444,124.11391279785555,6.633333333333333,236.09805215192222,15.25,8.616666666666667
356,2023-12-23T23:59:00,12,20.00234645298889,124.20138247348056,6.65,236.01372752933057,15.25,8.6
357,2023-12-24T23:59:00,12,20.016669789783332,124.10412689874444,6.65,236.1140238308111,15.266666666666667,8.616666666666667
358,2023-12-25T23:59:00,12,20.038702044025,124.18209036290278,6.666666666666667,236.039689125875,15.266666666666667,8.6
359,2023-12-26T23:59:00,12,20.068683034552777,124.07548267019722,6.666666666666667,236.15019856013333,15.283333333333333,8.616666666666667
360,2023-12-27T23:59:00,12,20.106343834897224,123.9643721088639,6.666666666666667,236.26591226925277,15.3,8.633333333333333
361,2023-12-28T23:59:00,12,20.151923022680553,123.84884146250278,6.666666666666667,236.2072229714333,15.3,8.633333333333333
362,2023-12-29T23:59:00,12,20.205149690119445,123.90885107032223,6.683333333333334,236.3336645343111,15.316666666666666,8.633333333333333
363,2023-12-30T23:59:00,12,20.26624742559722,123.78470066515555,6.683333333333334,236.46557535176387,15.333333333333334,8.65
364,2023-12-31T23:59:00,12,20.334957259944442,123.65640158170834,6.683333333333334,236.6030430854,15.35,8.666666666666666
